QNAME,FLAG,RNAME,POS,MAPQ,CIGAR,RNEXT,PNEXT,TLEN,SEQ,QUAL,,,,,,,,,,,,,
D3LH75P1:611:AHAC40ADXX:2:2208:7351:7116,73,chr1,14409,1,75M,*,0,0,GCTCAGTTCTTTATTGATTGGTGTGCCGTTTTCTCTGGAAGCCTCTTAAGAACACAGTGGCGCAGGCTGGGTGGA,@CCFFFFFHHHHHJJJJJJJJCGFGHGIFHIJJJJIJJIJIHJJJJJJJIIJIIJJIFHGIIJIFDDFFFD>A@B,AS:i:0,XN:i:0,XM:i:0,XO:i:0,XG:i:0,NM:i:0,MD:Z:75,YT:Z:UU,XS:A:-,NH:i:3,CC:Z:chr12,CP:i:91142,HI:i:0
D3LH75P1:611:AHAC40ADXX:2:1102:5359:54511,137,chr1,14414,1,75M,*,0,0,GTTCTTTATTGATTGGTGTGCCGTTTTCTCTGGAAGCCTCTTAAGAACACAGTGGCGCAGGCTGGGTGGAGCCGT,@CBFFFFFFHHHFIJIAFCHHIICFHIGGJBGIJIIJIIIJIJIIHIIJHHGBHGDGIIJJFHEFDBABADCBB?,AS:i:0,XN:i:0,XM:i:0,XO:i:0,XG:i:0,NM:i:0,MD:Z:75,YT:Z:UU,XS:A:-,NH:i:3,CC:Z:chr12,CP:i:91137,HI:i:0
D3LH75P1:611:AHAC40ADXX:2:1208:14185:65390,393,chr1,14421,1,75M,*,0,0,ATTGATTGGTGTGCCGTTTTCTCTGGAAGCCTCTTAAGAACACAGTGGCGCAGGCTGGGTGGAGCCGTCCCCCCA,@@CFDDFFADHDHFEECGIIIJJHHBAC?FGGHHIFCBCHIIJHH?FGHIIHIJJJIFG7=BACE=@;>=?BBD9,AS:i:0,XN:i:0,XM:i:0,XO:i:0,XG:i:0,NM:i:0,MD:Z:75,YT:Z:UU,XS:A:-,NH:i:3,CC:Z:chr12,CP:i:91130,HI:i:0
D3LH75P1:611:AHAC40ADXX:2:2109:14928:49178,385,chr1,14523,1,75M,chr2,114354370,0,CCCCAGCTGTGTGGCCTCAAGCCAGCCTTCCGCTCCTTGAAGCTGGTCTCCACACAGTGCTGGTTCCGTCACCCC,CCCFFFFFHHHHHJJJJJJJJJJJJJJJJIJJIJJJJIJJIIIGGIFHAHIHJGIIJAEGHGHFFHHD@D?CEED,AS:i:0,XN:i:0,XM:i:0,XO:i:0,XG:i:0,NM:i:0,MD:Z:75,YT:Z:UU,XS:A:-,NH:i:4,CC:Z:chr12,CP:i:91028,HI:i:0
D3LH75P1:611:AHAC40ADXX:2:1115:1907:88530,113,chr1,14716,3,75M,chr2,114356447,0,CGTCCTCCTCTGCCTGTGGCTGCTGCGGTGGCGGCAGAGGAGGGATGGAGTCTGACACGCGGGCAAAGGCTCCTC,<DDDDDDBDBA??=AABA@AEDB<H>D;;<B@CBIHCGJJHFBD?HHFCF?*BDFGFIIGJJGGFHFFDFFFCCC,AS:i:0,XN:i:0,XM:i:0,XO:i:0,XG:i:0,NM:i:0,MD:Z:75,YT:Z:UU,XS:A:-,NH:i:2,CC:Z:chr15,CP:i:102516375,HI:i:0
D3LH75P1:611:AHAC40ADXX:2:1116:3798:95721,73,chr1,14766,3,64M140N11M,*,0,0,TCTGACACGCGGGCAAAGGCCCCTCCGGGCCCCTCACCAGCCCCAGGTCCTTTCCCAGAGATGCCCTTGCGCCTC,11+A7<+<<)A7AAA<)0>2)<4=AA#################################################,AS:i:0,XN:i:0,XM:i:1,XO:i:0,XG:i:0,NM:i:1,MD:Z:20T54,YT:Z:UU,XS:A:-,NH:i:2,CC:Z:chr15,CP:i:102516185,HI:i:0
D3LH75P1:611:AHAC40ADXX:2:2107:7689:30939,177,chr1,14771,3,59M140N16M,chr2,114356494,0,CACGCGGGCAAAGGCTCCTCCGGGCCCCTCACCAGCCCCAGGTCCTTTCCCAGAGATGCCCTTGCGCCTCATGAC,<>@DBDDCCCCC@A?<D@DDDCDFFHHCC@7IJIJJJIIHJIHIJJJIIIIHFCIGHBIIGGFHHGHFFFFF@@@,AS:i:0,XN:i:0,XM:i:0,XO:i:0,XG:i:0,NM:i:0,MD:Z:75,YT:Z:UU,XS:A:-,NH:i:2,CC:Z:chr15,CP:i:102516180,HI:i:0
D3LH75P1:611:AHAC40ADXX:2:2113:15214:49615,355,chr1,14787,1,43M140N32M,=,14826,1011,CCTCCGGGCCCCTCACCAGCCCCAGGTCCTTTCCCAGAGATGCCCTTGCGCCTCATGACCAGCTTGTTGAAGAGA,CCCFFFDFHHHHHJJJJIDGHGIJIJFFHIJIJJIJIJIIIJIIJJJJJJGHHECFFFEEEEDDDDDDDDDDDDD,AS:i:0,XN:i:0,XM:i:0,XO:i:0,XG:i:0,NM:i:0,MD:Z:75,YT:Z:UU,XS:A:-,NH:i:4,CC:Z:chr15,CP:i:102516164,HI:i:0
D3LH75P1:611:AHAC40ADXX:2:1207:4349:99937,113,chr1,14799,0,31M140N44M,chr12,90994,0,TCACCAGCCCCAGGTCCTTTCCCAGAGATGCCCTTGCGCCTCATGACCAGCTTGTTGAAGAGATCCGACATCAAG,DDCDDDDDDEEEFFFFFHHHHJJJJJJJJIJJJJJJIJJJIJJJJIJJJJIIJJJJJJJJJJHHHHHFFFFFCCC,AS:i:0,XN:i:0,XM:i:0,XO:i:0,XG:i:0,NM:i:0,MD:Z:75,YT:Z:UU,XS:A:-,NH:i:8,CC:Z:chr15,CP:i:102516152,HI:i:0
D3LH75P1:611:AHAC40ADXX:2:1207:4349:99937,369,chr1,14799,0,31M140N44M,chr2,114356382,0,TCACCAGCCCCAGGTCCTTTCCCAGAGATGCCCTTGCGCCTCATGACCAGCTTGTTGAAGAGATCCGACATCAAG,DDCDDDDDDEEEFFFFFHHHHJJJJJJJJIJJJJJJIJJJIJJJJIJJJJIIJJJJJJJJJJHHHHHFFFFFCCC,AS:i:0,XN:i:0,XM:i:0,XO:i:0,XG:i:0,NM:i:0,MD:Z:75,YT:Z:UU,XS:A:-,NH:i:8,CC:Z:chr15,CP:i:102516152,HI:i:4
D3LH75P1:611:AHAC40ADXX:2:2109:5700:69001,97,chr1,14806,0,24M140N51M,=,16619,1888,CCCCAGGTCCTTTCCCAGAGATGCCCTTGCGCCTCATGACCAGCTTGTTGAAGAGATCCGACATCAAGTGCCCAC,CCCFFFFDFFHHGJJJJIIJJGIIJJGIJIGIJIGIIJJIJIIIIIIIIJJJHEGIJJJIDIHHFFFFFFEEECD,AS:i:0,XN:i:0,XM:i:0,XO:i:0,XG:i:0,NM:i:0,MD:Z:75,YT:Z:UU,XS:A:-,NH:i:16,CC:Z:chr15,CP:i:102516145,HI:i:0
D3LH75P1:611:AHAC40ADXX:2:2109:5700:69001,321,chr1,14806,0,24M140N51M,chr15,102514470,0,CCCCAGGTCCTTTCCCAGAGATGCCCTTGCGCCTCATGACCAGCTTGTTGAAGAGATCCGACATCAAGTGCCCAC,CCCFFFFDFFHHGJJJJIIJJGIIJJGIJIGIJIGIIJJIJIIIIIIIIJJJHEGIJJJIDIHHFFFFFFEEECD,AS:i:0,XN:i:0,XM:i:0,XO:i:0,XG:i:0,NM:i:0,MD:Z:75,YT:Z:UU,XS:A:-,NH:i:16,CC:Z:chr15,CP:i:102516145,HI:i:4
D3LH75P1:611:AHAC40ADXX:2:2109:5700:69001,321,chr1,14806,0,24M140N51M,chr2,114354320,0,CCCCAGGTCCTTTCCCAGAGATGCCCTTGCGCCTCATGACCAGCTTGTTGAAGAGATCCGACATCAAGTGCCCAC,CCCFFFFDFFHHGJJJJIIJJGIIJJGIJIGIJIGIIJJIJIIIIIIIIJJJHEGIJJJIDIHHFFFFFFEEECD,AS:i:0,XN:i:0,XM:i:0,XO:i:0,XG:i:0,NM:i:0,MD:Z:75,YT:Z:UU,XS:A:-,NH:i:16,CC:Z:chr15,CP:i:102516145,HI:i:8
D3LH75P1:611:AHAC40ADXX:2:2109:5700:69001,353,chr1,14806,0,24M140N51M,chr9,16730,0,CCCCAGGTCCTTTCCCAGAGATGCCCTTGCGCCTCATGACCAGCTTGTTGAAGAGATCCGACATCAAGTGCCCAC,CCCFFFFDFFHHGJJJJIIJJGIIJJGIJIGIJIGIIJJIJIIIIIIIIJJJHEGIJJJIDIHHFFFFFFEEECD,AS:i:0,XN:i:0,XM:i:0,XO:i:0,XG:i:0,NM:i:0,MD:Z:75,YT:Z:UU,XS:A:-,NH:i:16,CC:Z:chr15,CP:i:102516145,HI:i:12
D3LH75P1:611:AHAC40ADXX:2:2113:15214:49615,403,chr1,14826,1,4M140N69M757N2M,=,14787,-1011,ATGCCCTTGCGCCTCATGACCAGCTTGTTGAAGAGATCCGACATCAAGTGCCCACCTTGGCTCGTGGCTCTCACT,CBCCBBCCBBEDDFFGFHHHGHIIIHGIGIHGIIIIIIIIIIIIIIIIIIHGE9IIHIF@2)GHHHGFFFFD@C@,AS:i:0,XN:i:0,XM:i:0,XO:i:0,XG:i:0,NM:i:0,MD:Z:75,YT:Z:UU,XS:A:-,NH:i:4,CC:Z:chr15,CP:i:102515367,HI:i:0
D3LH75P1:611:AHAC40ADXX:2:1214:4106:32459,113,chr1,14977,0,62M757N13M,chr2,114356302,0,CCTCATGACCAGCTTGTTGACGAGATCCGACATCAAGTGCCCCCCTTGGCTCGTGGCTCTCACTTGCTCCTGCTC,9>:::>@3@>>B?8BA7B<2(A@8<5B?>38BAB@??1B<@8);??DG@@CGC;EF::?GEGDFFFF=DDDD@@@,AS:i:-2,XN:i:0,XM:i:2,XO:i:0,XG:i:0,NM:i:2,MD:Z:20A21A32,YT:Z:UU,XS:A:-,NH:i:5,CC:Z:chr12,CP:i:89815,HI:i:0
D3LH75P1:611:AHAC40ADXX:2:1105:7717:49983,433,chr1,15824,0,75M,chr2,114356297,0,CTCCAGCTTTCGCTCCTTCATGCTGCGCAGCTTGGCCTTGCCGATGCCCCCAGCTTGGCGGATGGACTCTAGCAG,81CCCC7>B@?5?9>AA>5;?BBCEEEEHFHDDHGIGGFHBIGGGHEFGEA2BABIIIIHGGDDA:F>DBBD?;@,AS:i:0,XN:i:0,XM:i:0,XO:i:0,XG:i:0,NM:i:0,MD:Z:75,YT:Z:UU,XS:A:-,NH:i:5,CC:Z:chr12,CP:i:89725,HI:i:0
D3LH75P1:611:AHAC40ADXX:2:1214:5649:78691,369,chr1,15824,0,75M,chr12,90984,0,CTCCAGCTTTCGCTCCTTCATGCTGCGCAGCTTGGCCTTGCCGATGCCCCCAGCTTGGCGGATGGACTCTAGCAG,DDDDDDDDDDDDDDDDDDDDDDDDFFHHHHHJJJJJJJJJJJIIJJJIJIIJJJJJJJJJJJGHHHHFFFFFCCC,AS:i:0,XN:i:0,XM:i:0,XO:i:0,XG:i:0,NM:i:0,MD:Z:75,YT:Z:UU,XS:A:-,NH:i:10,CC:Z:chr12,CP:i:89725,HI:i:0
D3LH75P1:611:AHAC40ADXX:2:1214:5649:78691,369,chr1,15824,0,75M,chr2,114356372,0,CTCCAGCTTTCGCTCCTTCATGCTGCGCAGCTTGGCCTTGCCGATGCCCCCAGCTTGGCGGATGGACTCTAGCAG,DDDDDDDDDDDDDDDDDDDDDDDDFFHHHHHJJJJJJJJJJJIIJJJIJIIJJJJJJJJJJJGHHHHFFFFFCCC,AS:i:0,XN:i:0,XM:i:0,XO:i:0,XG:i:0,NM:i:0,MD:Z:75,YT:Z:UU,XS:A:-,NH:i:10,CC:Z:chr12,CP:i:89725,HI:i:5
D3LH75P1:611:AHAC40ADXX:2:1107:10408:81354,113,chr1,16613,0,75M,chr12,89760,0,GAGACGCGCTGCTGCTGCTGTCGTCCTGCCTGGCGCCTTGGGCTACAGGGGCCGCGGTTGAGGGTGGGAGTGGGG,#############################################ABAA=0)A?<?9C@++8<A=++AA?@+++:,AS:i:-2,XN:i:0,XM:i:1,XO:i:0,XG:i:0,NM:i:1,MD:Z:41C33,YT:Z:UU,XS:A:-,NH:i:6,CC:Z:chr15,CP:i:102514476,HI:i:0